,SYMBOL
0,20MICRONS
2,3IINFOLTD
3,3MINDIA
4,3PLAND
7,5PAISA
11,676GS2061
12,772GS2049
14,A2ZINFRA
16,AAREYDRUGS
18,AARTIDRUGS
19,AARTIIND
22,AARVI
23,AAVAS
25,ABB
26,ABBOTINDIA
27,ABCAPITAL
28,ABFRL
30,ABSLAMC
31,ABSLBANETF
32,ABSLNN50ET
33,ACC
34,ACCELYA
35,ACCURACY
36,ACE
37,ACRYSIL
38,ADANIENT
39,ADANIGREEN
40,ADANIPORTS
41,ADANIPOWER
42,ADANITRANS
43,ADFFOODS
45,ADORWELD
47,ADSL
48,ADVANIHOTR
49,ADVENZYMES
50,AEGISCHEM
51,AFFLE
52,AGARIND
53,AGCNET
54,AGRITECH
55,AGROPHOS
56,AHLADA
57,AHLEAST
58,AHLUCONT
59,AHLWEST
63,AIRTELPP
66,AJMERA
67,AJOONI
68,AJRINFRA
70,AKG
71,AKSHARCHEM
72,AKSHOPTFBR
75,ALBERTDAVD
76,ALEMBICLTD
77,ALICON
78,ALKALI
79,ALKEM
80,ALKYLAMINE
81,ALLCARGO
82,ALLSEC
83,ALMONDZ
84,ALOKINDS
86,ALPHAGEO
88,AMARAJABAT
92,AMBIKCO
93,AMBUJACEM
95,AMIORG
96,AMJLAND
97,AMRUTANJAN
98,ANANTRAJ
99,ANDHRACEMT
100,ANDHRAPAP
101,ANDHRSUGAR
102,ANDREWYU
103,ANGELONE
104,ANIKINDS
106,ANMOL
107,ANSALAPI
108,ANSALHSG
109,ANTGRAPHIC
110,ANUP
111,ANURAS
112,APARINDS
114,APCOTEXIND
115,APEX
116,APLAPOLLO
117,APLLTD
118,APOLLO
119,APOLLOHOSP
120,APOLLOPIPE
121,APOLLOTYRE
123,APTECHT
124,APTUS
126,ARCHIES
127,ARENTERP
128,ARIES
129,ARIHANT
130,ARIHANTCAP
132,ARMANFIN
133,AROGRANITE
134,ARROWGREEN
135,ARSHIYA
136,ARSSINFRA
137,ARTEMISMED
138,ARTNIRMAN
140,ARVIND
141,ARVINDFASN
142,ARVSMART
143,ASAHIINDIA
144,ASAHISONG
145,ASAL
146,ASALCBR
147,ASCOM
148,ASHAPURMIN
149,ASHIANA
150,ASHIMASYN
151,ASHOKA
152,ASHOKLEY
155,ASIANTILES
156,ASLIND
157,ASPINWALL
158,ASTEC
159,ASTERDM
161,ASTRAMICRO
163,ASTRON
164,ATFL
165,ATGL
166,ATLANTA
167,ATUL
168,ATULAUTO
169,AUBANK
170,AURIONPRO
171,AUROPHARMA
172,AURUM
173,AUSOMENT
174,AUTOAXLES
175,AUTOIND
176,AVADHSUGAR
178,AVROIND
179,AVTNPL
180,AWHCL
182,AXISBNKETF
184,AXISCADES
187,AXISHCETF
188,AXISNIFTY
189,AXISTECETF
190,AYMSYNTEX
194,BAJAJCON
195,BAJAJELEC
196,BAJAJFINSV
197,BAJAJHIND
198,BAJAJHLDNG
199,BAJFINANCE
200,BALAJITELE
201,BALAMINES
202,BALAXI
204,BALKRISIND
205,BALLARPUR
206,BALMLAWRIE
209,BANARBEADS
210,BANARISUG
212,BANDHANBNK
213,BANG
215,BANKBARODA
216,BANKBEES
217,BANKINDIA
218,BANSWRAS
219,BARBEQUE
220,BARTRONICS
221,BASF
222,BASML
223,BATAINDIA
224,BAYERCROP
225,BBL
226,BBTC
227,BBTCL
228,BCG
229,BCLIND
232,BDL
233,BEARDSELL
234,BECTORFOOD
235,BEDMUTHA
236,BEL
238,BEPL
240,BESTAGRO
241,BETA
242,BEWLTD
243,BFINVEST
244,BFUTILITIE
248,BHAGERIA
249,BHAGYANGR
250,BHAGYAPROP
251,BHANDARI
252,BHARATFORG
253,BHARATGEAR
254,BHARATRAS
255,BHARATWIRE
256,BHARTIARTL
257,BHEL
258,BIGBLOC
259,BIL
260,BINDALAGRO
261,BIOCON
262,BIOFILCHEM
264,BIRLACABLE
265,BIRLACORPN
266,BIRLAMONEY
269,BLBLIMITED
270,BLISSGVS
271,BLKASHYAP
272,BLS
273,BLUECOAST
274,BLUEDART
277,BODALCHEM
279,BOMDYEING
280,BOROLTD
281,BORORENEW
282,BOSCHLTD
283,BPCL
284,BPL
286,BRIGADE
288,BRITANNIA
291,BRNL
292,BROOKS
293,BSE
294,BSHSL
295,BSL
297,BSLNIFTY
298,BSLSENETFG
299,BSOFT
300,BURGERKING
301,BURNPUR
304,BYKE
305,CADILAHC
307,CAMLINFINE
308,CAMS
309,CANBK
310,CANDC
311,CANFINHOME
312,CANTABIL
313,CAPACITE
315,CAPTRUST
316,CARBORUNIV
317,CAREERP
318,CARERATING
319,CARTRADE
320,CASTROLIND
321,CCHHL
322,CCL
323,CDSL
324,CEATLTD
325,CEBBCO
326,CELEBRITY
327,CENTENKA
328,CENTEXT
329,CENTRALBK
330,CENTRUM
332,CENTURYPLY
333,CENTURYTEX
334,CERA
335,CEREBRAINT
336,CESC
337,CGCL
338,CGPOWER
339,CHALET
340,CHAMBLFERT
341,CHEMBOND
342,CHEMCON
343,CHEMFAB
344,CHEMPLASTS
345,CHENNPETRO
346,CHOLAFIN
349,CINELINE
350,CINEVISTA
351,CIPLA
352,CLEAN
353,CLEDUCATE
354,CLNINDIA
355,CLSEL
356,CMICABLES
357,COALINDIA
358,COASTCORP
359,COCHINSHIP
360,COFFEEDAY
361,COFORGE
362,COLPAL
365,CONCOR
366,CONFIPET
369,CONTROLPR
370,CORALFINAC
371,CORDSCABLE
372,COROMANDEL
373,COSMOFILMS
376,CPSEETF
377,CRAFTSMAN
378,CREATIVE
380,CREST
381,CRISIL
384,CTE
385,CUB
386,CUBEXTUB
387,CUMMINSIND
388,CUPID
391,CYIENT
392,DAAWAT
393,DABUR
394,DALALSTCOM
395,DALBHARAT
396,DALMIASUG
398,DANGEE
399,DATAMATICS
400,DBCORP
401,DBL
402,DBREALTY
403,DBSTOCKBRO
404,DCAL
405,DCBBANK
406,DCM
408,DCMNVL
410,DCW
411,DECCANCE
412,DEEPAKFERT
413,DEEPAKNTR
414,DEEPENR
415,DEEPINDS
416,DELPHIFX
417,DELTACORP
418,DELTAMAGNT
419,DEN
420,DENORA
422,DEVYANI
423,DFMFOODS
425,DHAMPURSUG
426,DHANBANK
431,DHANILOANS
433,DHANILOANS
435,DHARSUGAR
437,DIAMONDYD
439,DICIND
441,DIGJAMLMTD
442,DISHTV
443,DIVISLAB
444,DIXON
445,DKEGL
446,DLF
447,DLINKINDIA
448,DMART
449,DNAMEDIA
450,DODLA
451,DOLAT
452,DOLLAR
453,DONEAR
454,DPABHUSHAN
455,DPSCLTD
456,DPWIRES
458,DREDGECORP
459,DRREDDY
460,DSML
462,DSSL
465,DUDIGITAL
466,DVL
467,DWARKESH
468,DYNAMATECH
469,DYNPRO
470,E2E
471,EASEMYTRIP
472,EASTSILK
474,EBANK
475,EBBETF0423
479,EC2RG
481,ECLFINANCE
482,ECLFINANCE
483,ECLFINANCE
484,ECLFINANCE
487,ECLFINANCE
488,ECLFINANCE
489,EDELWEISS
490,EDUCOMP
493,EICHERMOT
495,EIFFL
496,EIHAHOTELS
499,EKC
501,ELECTCAST
502,ELECTHERM
503,ELGIEQUIP
504,ELGIRUBCO
506,EMAMIPAP
507,EMAMIREAL
508,EMBASSY
509,EMKAY
510,EMKAYTOOLS
511,EMMBI
512,ENDURANCE
513,ENERGYDEV
514,ENGINERSIN
515,ENIL
517,EQUITAS
518,EQUITASBNK
522,EROSMEDIA
526,ESTER
528,EVEREADY
529,EVERESTIND
530,EXCEL
531,EXCELINDUS
532,EXIDEIND
533,EXPLEOSOL
534,EXXARO
535,FACT
537,FCL
538,FCONSUMER
539,FCSSOFT
540,FDC
541,FEDERALBNK
542,FEL
543,FELDVR
544,FIEMIND
545,FILATEX
547,FINEORG
548,FINOPB
549,FINPIPE
550,FLEXITUFF
551,FLFL
552,FLUOROCHEM
553,FMGOETZE
554,FMNL
555,FOCUS
556,FOODSIN
558,FORTIS
559,FOSECOIND
560,FRETAIL
561,FSC
562,FSL
563,GABRIEL
564,GAEL
565,GAIL
568,GALLANTT
569,GALLISPAT
570,GANDHITUBE
571,GANECOS
572,GANESHBE
573,GANESHHOUC
574,GANGAFORGE
576,GARFIBRES
577,GATI
579,GAYAPROJ
580,GDL
581,GEECEE
582,GEEKAYWIRE
583,GENCON
584,GENESYS
585,GENUSPAPER
586,GENUSPOWER
587,GEOJITFSL
589,GESHIP
590,GET&D
591,GFLLIMITED
592,GFSTEELS
593,GHCL
595,GICRE
596,GILLANDERS
598,GINNIFILA
599,GIPCL
600,GKWLIMITED
602,GLAXO
603,GLENMARK
605,GLOBALVECT
606,GLOBE
607,GLOBUSSPR
608,GLS
609,GMBREW
610,GMDCLTD
611,GMMPFAUDLR
612,GMRINFRA
613,GNA
614,GNFC
615,GOACARBON
616,GOCLCORP
617,GODFRYPHLP
618,GODHA
620,GODREJCP
621,GODREJIND
622,GODREJPROP
624,GOKEX
625,GOKUL
626,GOKULAGRO
629,GOLDIAM
631,GOLDTECH
632,GOODLUCK
635,GPPL
636,GPTINFRA
637,GRANULES
639,GRASIM
641,GRAVITA
642,GREAVESCOT
643,GREENLAM
645,GREENPLY
646,GREENPOWER
647,GRINDWELL
649,GROBTEA
650,GRPLTD
651,GRSE
652,GSCLCEMENT
653,GSFC
654,GSPL
655,GSS
656,GTL
658,GTPL
659,GUFICBIO
660,GUJALKALI
662,GUJGASLTD
665,GULFPETRO
667,HAL
668,HAPPSTMNDS
669,HARRMALAYA
670,HATHWAY
672,HAVELLS
675,HBLPOWER
676,HBSL
677,HCC
678,HCG
679,HCL-INSYS
680,HCLTECH
681,HDFC
682,HDFC
683,HDFCAMC
684,HDFCBANK
685,HDFCLIFE
687,HDFCNIFETF
690,HEALTHY
691,HEG
692,HEIDELBERG
693,HEMIPROP
694,HEOFRG1126
695,HERANBA
696,HERCULES
699,HESTERBIO
700,HEXATRADEX
701,HFCL
702,HGINFRA
703,HGS
704,HIKAL
705,HIL
706,HILTON
707,HIMATSEIDE
708,HINDALCO
709,HINDCOMPOS
710,HINDCON
711,HINDCOPPER
712,HINDMOTORS
713,HINDNATGLS
714,HINDOILEXP
715,HINDPETRO
716,HINDUNILVR
717,HINDZINC
718,HIRECT
720,HITECH
721,HITECHCORP
722,HITECHGEAR
723,HLEGLAS
724,HLVLTD
726,HMVL
729,HOMEFIRST
733,HOVS
734,HPL
735,HSCL
736,HSIL
739,HUDCO
742,HUDCO
745,HUDCO
749,IBREALEST
753,IBULHSGFIN
754,IBULHSGFIN
756,IBULHSGFIN
758,ICEMAKE
759,ICICI500
760,ICICIALPLV
761,ICICIB22
763,ICICIBANKN
764,ICICIBANKP
765,ICICICONSU
766,ICICIFMCG
770,ICICILOVOL
771,ICICIM150
772,ICICIMCAP
773,ICICINF100
774,ICICINIFTY
775,ICICINV20
776,ICICINXT50
777,ICICIPHARM
779,ICICISENSX
780,ICICITECH
781,ICIL
783,IDBI
787,IDFCFIRSTB
788,IDFCFIRSTB
791,IDFCFIRSTB
792,IDFCFIRSTB
793,IDFCFIRSTB
794,IDFNIFTYET
795,IEX
796,IFBAGRO
798,IFCI
799,IFCI
801,IFGLEXPOR
802,IGARASHI
803,IGL
804,IGPL
807,IIFL
809,IIFL
810,IIFL
811,IIFL
812,IIFL
813,IIFL
820,IIFLSEC
822,IIHFL
823,IIHFL
827,IMAGICAA
828,IMFA
829,IMPAL
831,INDBANK
832,INDHOTEL
833,INDIACEM
834,INDIAGLYCO
836,INDIANB
837,INDIANCARD
838,INDIANHUME
839,INDIGO
841,INDIGRID
845,INDNIPPON
846,INDOCO
847,INDORAMA
848,INDOSOLAR
849,INDOSTAR
851,INDOTHAI
853,INDRAMEDCO
854,INDSWFTLAB
855,INDSWFTLTD
858,INDUSTOWER
860,INFIBEAM
861,INFOBEAN
863,INFRABEES
865,INGERRAND
866,INNOVANA
867,INOXLEISUR
868,INOXWIND
869,INSECTICID
870,INSPIRISYS
871,INTELLECT
872,INTENTECH
873,INTLCONV
874,INVENTURE
876,IOC
877,IOLCP
878,IPCALAB
879,IPL
880,IRB
881,IRBINVIT
883,IRCTC
886,IREDA
887,IRFC
893,IRFC
896,IRFC
897,IRIS
898,IRISDOREME
899,ISEC
901,ISGEC
902,ISMTLTD
903,ITC
905,ITDCEM
906,ITI
907,IVC
908,IVP
911,IWEL
912,IZMO
913,J&KBANK
914,JAGRAN
915,JAGSNPHARM
916,JAIBALAJI
917,JAICORPLTD
918,JAINAM
919,JAINSTUDIO
921,JAMNAAUTO
922,JASH
923,JAYAGROGN
924,JAYBARMARU
926,JAYSREETEA
929,JBMA
930,JCHAC
931,JETAIRWAYS
933,JHS
934,JINDALPHOT
935,JINDALPOLY
936,JINDALSAW
937,JINDALSTEL
938,JINDRILL
939,JINDWORLD
940,JISLDVREQS
941,JISLJALEQS
943,JKCEMENT
944,JKIL
945,JKLAKSHMI
946,JKPAPER
947,JKTYRE
948,JMA
950,JMFINANCIL
951,JMTAUTOLTD
952,JOCIL
953,JPASSOCIAT
954,JPINFRATEC
955,JPOLYINVST
956,JPPOWER
957,JSL
958,JSLHISAR
959,JSWENERGY
960,JSWHL
961,JSWISPL
962,JSWSTEEL
964,JUBLFOOD
965,JUBLINDS
966,JUBLINGREA
967,JUBLPHARMA
968,JUMPNET
969,JUNIORBEES
970,JUSTDIAL
971,JYOTHYLAB
972,JYOTISTRUC
973,KABRAEXTRU
974,KAJARIACER
975,KAKATCEM
978,KALYANKJIL
979,KAMATHOTEL
980,KAMDHENU
981,KANANIIND
982,KANORICHEM
983,KANPRPLA
988,KARURVYSYA
989,KAVVERITEL
990,KAYA
991,KCP
992,KCPSUGIND
993,KDDL
995,KECL
996,KEERTI
997,KEI
998,KELLTONTEC
999,KENNAMET
1000,KERNEX
1003,KHADIM
1007,KHFM
1009,KILITCH
1010,KILPP
1011,KIMS
1012,KINGFA
1014,KIRIINDUS
1015,KIRLFER
1017,KIRLOSENG
1019,KITEX
1020,KKCL
1021,KMSUGAR
1023,KOKUYOCMLN
1024,KOLTEPATIL
1025,KOPRAN
1026,KOTAKBANK
1027,KOTAKBKETF
1029,KOTAKIT
1030,KOTAKNIFTY
1031,KOTAKNV20
1032,KOTAKPSUBK
1033,KOTARISUG
1035,KOTHARIPRO
1037,KOVAI
1038,KPIGLOBAL
1039,KPITTECH
1041,KRBL
1042,KREBSBIO
1043,KRIDHANINF
1044,KRISHANA
1045,KRITI
1046,KRSNAA
1047,KSB
1048,KSCL
1050,KSL
1051,KSOLVES
1052,KTKBANK
1053,KUANTUM
1054,L&TFH
1055,L&TFINANCE
1057,L&TFINANCE
1058,L&TFINANCE
1059,LAGNAM
1062,LAMBODHARA
1063,LAOPALA
1064,LASA
1065,LATENTVIEW
1066,LAURUSLABS
1067,LAXMICOT
1068,LAXMIMACH
1069,LCCINFOTEC
1071,LFIC
1072,LGBBROSLTD
1075,LIBERTSHOE
1076,LICHSGFIN
1077,LICNETFGSC
1080,LICNFNHGP
1081,LIKHITHA
1082,LINCOLN
1083,LINCPEN
1088,LOKESHMACH
1089,LOTUSEYE
1090,LOVABLE
1091,LPDC
1092,LSIL
1093,LT
1094,LTI
1095,LTTS
1096,LUMAXIND
1097,LUMAXTECH
1098,LUPIN
1099,LUXIND
1100,LXCHEM
1101,LYKALABS
1103,M&M
1105,M&MFIN
1110,MACPOWER
1111,MADHAV
1112,MADHUCON
1113,MADRASFERT
1114,MAESGETF
1116,MAFSETF
1117,MAGADSUGAR
1118,MAGNUM
1119,MAHABANK
1120,MAHAPEXLTD
1121,MAHASTEEL
1124,MAHICKRA
1125,MAHINDCIE
1126,MAHLIFE
1127,MAHLOG
1128,MAHSCOOTER
1129,MAHSEAMLES
1130,MAITHANALL
1131,MALUPAPER
1132,MAN50ETF
1133,MANAKALUCO
1134,MANAKCOAT
1136,MANAKSTEEL
1137,MANALIPETC
1139,MANGALAM
1142,MANGTIMBER
1144,MANINFRA
1145,MANORG
1146,MANUGRAPH
1147,MANXT50
1148,MARALOVER
1149,MARATHON
1150,MARICO
1151,MARINE
1152,MARKSANS
1153,MARSHALL
1158,MASTEK
1159,MATRIMONY
1160,MAWANASUG
1161,MAXHEALTH
1162,MAXIND
1163,MAXVIL
1164,MAYURUNIQ
1165,MAZDA
1166,MAZDOCK
1169,MBLINFRA
1170,MC1RG
1171,MCDHOLDING
1172,MCDOWELL-N
1174,MCLEODRUSS
1175,MCX
1176,MEDICAMEQ
1177,MEGASOFT
1178,MELSTAR
1179,MENONBE
1181,MERCATOR
1182,METALFORGE
1184,MFL
1185,MFSL
1186,MGEL
1188,MHRIL
1189,MIDHANI
1190,MINDACORP
1192,MINDSPACE
1193,MINDTECK
1194,MINDTREE
1195,MIRCELECTR
1196,MIRZAINT
1197,MITCON
1198,MITTAL
1199,MMFL
1200,MMP
1201,MMTC
1202,MODIRUBBER
1203,MODISNME
1205,MOHITIND
1206,MOIL
1210,MOLDTKPAC
1213,MOM50
1215,MONTECARLO
1216,MORARJEE
1217,MOREPENLAB
1218,MOTHERSUMI
1219,MOTILALOFS
1220,MOTOGENFIN
1221,MPHASIS
1222,MPSLTD
1223,MRF
1224,MRO-TEK
1225,MRPL
1229,MTEDUCARE
1231,MUKANDLTD
1232,MUKTAARTS
1233,MUNJALAU
1235,MURUDCERA
1239,NACLIND
1240,NAGAFERT
1241,NAGREEKEXP
1242,NAHARCAP
1243,NAHARINDUS
1244,NAHARPOLY
1245,NAHARSPING
1246,NAM-INDIA
1247,NATCOPHARM
1248,NATHBIOGEN
1249,NATIONALUM
1251,NAVINFLUOR
1252,NAVKARCORP
1254,NAZARA
1255,NBCC
1256,NBIFIN
1257,NBVENTURES
1258,NCC
1259,NCLIND
1260,NCPSESDL24
1261,NDGL
1262,NDL
1264,NDTV
1265,NECCLTD
1266,NECLIFE
1267,NELCAST
1268,NELCO
1269,NEOGEN
1270,NESCO
1271,NESTLEIND
1272,NETF
1274,NETFDIVOPP
1277,NETFLTGILT
1278,NETFMID150
1279,NETFNIF100
1280,NETFNV20
1281,NETFPHARMA
1282,NETFSDL26
1283,NETWORK18
1285,NEWGEN
1286,NEXTMEDIA
1287,NFL
1288,NGIL
1291,NHAI
1295,NHAI
1297,NHAI
1299,NHPC
1300,NIACL
1301,NIBL
1303,NIFTYBEES
1304,NIITLTD
1305,NILAINFRA
1306,NILASPACES
1307,NILKAMAL
1308,NIPPOBATRY
1310,NITCO
1312,NITINSPIN
1313,NITIRAJ
1314,NKIND
1315,NLCINDIA
1316,NMDC
1317,NOCIL
1318,NOIDATOLL
1319,NOVARTIND
1320,NPBET
1321,NRAIL
1322,NRBBEARING
1323,NSIL
1324,NTL
1325,NTPC
1328,NTPC
1329,NTPC
1330,NUCLEUS
1331,NURECA
1332,NUVOCO
1335,NYKAA
1336,OAL
1337,OBEROIRLTY
1338,OCCL
1340,OIL
1342,OLECTRA
1344,OMAXE
1345,OMINFRAL
1346,OMKARCHEM
1348,ONEPOINT
1349,ONGC
1350,ONMOBILE
1351,ONWARDTEC
1352,OPTIEMUS
1353,ORBTEXP
1355,ORICONENT
1356,ORIENTABRA
1357,ORIENTALTL
1358,ORIENTBELL
1359,ORIENTCEM
1360,ORIENTELEC
1361,ORIENTHOT
1363,ORIENTPPR
1364,ORISSAMINE
1366,ORTINLAB
1367,OSIAHYPER
1368,OSWALAGRO
1370,PAGEIND
1371,PAISALO
1372,PALASHSECU
1373,PALREDTEC
1374,PANACEABIO
1375,PANACHE
1376,PANAMAPET
1377,PANSARI
1378,PAR
1379,PARACABLES
1380,PARAGMILK
1382,PARSVNATH
1383,PARTYCRUS
1385,PASUPTAC
1386,PATELENG
1387,PATINTLOG
1388,PATSPINLTD
1389,PAVNAIND
1390,PAYTM
1391,PBAINFRA
1392,PCJEWELLER
1393,PDMJEPAPER
1394,PDSMFL
1395,PEARLPOLY
1396,PEL
1397,PENIND
1398,PENINLAND
1399,PERSISTENT
1400,PETRONET
1401,PFC
1403,PFC
1406,PFC
1407,PFIZER
1409,PFS
1410,PGEL
1411,PGHH
1412,PGHL
1413,PGIL
1414,PGINVIT
1415,PHILIPCARB
1416,PHOENIXLTD
1419,PIIND
1421,PILITA
1422,PIONDIST
1423,PIONEEREMB
1424,PITTIENG
1425,PKTEA
1426,PLASTIBLEN
1427,PNB
1428,PNBGILTS
1429,PNBHOUSING
1430,PNC
1432,PODDARHOUS
1433,PODDARMENT
1434,POKARNA
1436,POLYCAB
1437,POLYMED
1438,POLYPLEX
1439,PONNIERODE
1440,POONAWALLA
1441,POONAWALLA
1442,POWERGRID
1443,POWERINDIA
1444,POWERMECH
1445,PPAP
1449,PRAKASH
1450,PRAKASHSTL
1451,PRAXIS
1452,PRECAM
1453,PRECOT
1454,PRECWIRE
1455,PREMEXPLN
1456,PREMIER
1458,PRESSMN
1460,PRICOLLTD
1461,PRIMESECU
1462,PRINCEPIPE
1464,PRITIKAUTO
1465,PRIVISCL
1468,PROZONINTU
1469,PRSMJOHNSN
1470,PSB
1471,PSPPROJECT
1472,PSUBNKBEES
1473,PTC
1474,PTL
1475,PUNJABCHEM
1476,PUNJLLOYD
1477,PURVA
1478,PVP
1481,QNIFTY
1484,QUICKHEAL
1487,RADIOCITY
1488,RAILTEL
1489,RAIN
1490,RAJESHEXPO
1491,RAJMET
1492,RAJRATAN
1493,RAJSREESUG
1494,RAJTV
1495,RALLIS
1498,RAMCOCEM
1499,RAMCOIND
1500,RAMCOSYS
1501,RAMKY
1502,RANASUG
1503,RANEENGINE
1505,RATNAMANI
1506,RAYMOND
1507,RBL
1508,RBLBANK
1509,RCF
1510,RCOM
1511,RECLTD
1514,RECLTD
1516,REDINGTON
1517,REFEX
1519,RELCAPITAL
1520,RELIANCE
1521,RELIGARE
1522,RELINFRA
1523,REMSONSIND
1524,RENUKA
1525,REPCOHOME
1527,REPRO
1528,RESPONIND
1529,REVATHI
1530,REXPIPES
1531,RGL
1536,RICOAUTO
1537,RIIL
1538,RITES
1539,RKEC
1540,RKFORGE
1542,RML
1544,ROHITFERRO
1545,ROHLTD
1546,ROLEXRINGS
1549,ROML
1551,ROSSELLIND
1553,RPGLIFE
1554,RPOWER
1555,RPPINFRA
1556,RPPINFRPP
1558,RPSGVENT
1559,RSSOFTWARE
1560,RSWM
1561,RSYSTEMS
1563,RTNPOWER
1564,RUBYMILLS
1565,RUCHI
1566,RUCHINFRA
1567,RUCHIRA
1568,RUPA
1569,RUSHIL
1571,RVNL
1573,SABEVENTS
1575,SADBHAV
1576,SADBHIN
1577,SAFARI
1578,SAGARDEEP
1579,SAGCEM
1580,SAIL
1581,SAKAR
1582,SAKHTISUG
1584,SAKUMA
1586,SALONA
1587,SALSTEEL
1588,SALZERELEC
1590,SANCO
1591,SANDESH
1594,SANGHIIND
1595,SANGHVIMOV
1596,SANGINITA
1597,SANOFI
1599,SANWARIA
1601,SARDAEN
1602,SAREGAMA
1603,SARLAPOLY
1605,SASKEN
1606,SASTASUNDR
1607,SATIA
1608,SATIN
1609,SBC
1613,SBIETFIT
1615,SBIETFQLTY
1616,SBILIFE
1617,SBIN
1618,SCAPDVR
1619,SCHAEFFLER
1621,SCHNEIDER
1622,SCI
1623,SDBL
1626,SECURCRED
1628,SELAN
1629,SELMC
1630,SEPOWER
1631,SEQUENT
1632,SERVOTECH
1633,SESHAPAPER
1637,SETFNIF50
1638,SETFNIFBK
1639,SETFNN50
1640,SETUINFRA
1641,SEYAIND
1645,SGBAUG27
1657,SGBJAN26
1692,SGIL
1693,SGL
1694,SHAHALLOYS
1695,SHAKTIPUMP
1696,SHALBY
1697,SHALPAINTS
1698,SHANKARA
1700,SHANTIGEAR
1701,SHARDACROP
1702,SHARDAMOTR
1703,SHAREINDIA
1704,SHARIABEES
1705,SHEMAROO
1706,SHIL
1707,SHILPAMED
1708,SHIVAMAUTO
1709,SHIVAMILLS
1710,SHIVATEX
1711,SHK
1712,SHOPERSTOP
1713,SHRADHA
1714,SHREDIGCEM
1715,SHREECEM
1716,SHREEPUSHK
1717,SHREERAMA
1720,SHREYANIND
1721,SHREYAS
1722,SHRIPISTON
1723,SHRIRAMCIT
1726,SHYAMCENT
1727,SHYAMMETL
1729,SICAL
1730,SIDDHIKA
1731,SIEMENS
1733,SIGIND
1736,SIL
1737,SILGO
1738,SILINV
1740,SIMBHALS
1741,SIMPLEXINF
1742,SINTERCOM
1743,SINTEX
1745,SIS
1746,SITINET
1747,SIYSIL
1748,SJS
1749,SJVN
1750,SKFINDIA
1751,SKIPPER
1752,SKMEGGPROD
1753,SMARTLINK
1754,SMCGLOBAL
1755,SMLISUZU
1756,SMSLIFE
1757,SMSPHARMA
1758,SNOWMAN
1759,SOBHA
1760,SOLARA
1761,SOLARINDS
1762,SOMANYCERA
1764,SONACOMS
1765,SONAMCLOCK
1766,SONATSOFTW
1767,SORILINFRA
1768,SOTL
1769,SOUTHBANK
1771,SPAL
1772,SPANDANA
1773,SPARC
1774,SPECIALITY
1775,SPENCERS
1776,SPENTEX
1777,SPIC
1778,SPICEJET
1779,SPLIL
1780,SPMLINFRA
1781,SPTL
1783,SREIBNPNCD
1788,SREIBNPNCD
1789,SREIBNPNCD
1791,SREIBNPNCD
1792,SREIBNPNCD
1793,SREINFRA
1794,SRF
1795,SRHHYPOLTD
1796,SRIPIPES
1797,SRPL
1798,SRTRANSFIN
1799,SRTRANSFIN
1800,SRTRANSFIN
1801,SRTRANSFIN
1803,SRTRANSFIN
1805,SRTRANSFIN
1806,SRTRANSFIN
1807,SRTRANSFIN
1811,SRTRANSFIN
1816,STAR
1817,STARCEMENT
1818,STARPAPER
1819,STCINDIA
1821,STEELCITY
1822,STEELXIND
1824,STERTOOLS
1825,STLTECH
1827,STYLAMIND
1829,SUBEXLTD
1830,SUBROS
1832,SUMEETINDS
1833,SUMICHEM
1834,SUMIT
1835,SUMMITSEC
1836,SUNCLAYLTD
1839,SUNDARMHLD
1840,SUNDRMBRAK
1841,SUNDRMFAST
1842,SUNFLAG
1843,SUNPHARMA
1844,SUNTECK
1846,SUPERHOUSE
1847,SUPERSPIN
1848,SUPPETRO
1849,SUPRAJIT
1850,SUPREMEENG
1853,SURANASOL
1856,SURYALAXMI
1858,SURYODAY
1859,SUTLEJTEX
1860,SUULD
1861,SUVEN
1862,SUVENPHAR
1863,SUVIDHAA
1864,SUZLON
1865,SVPGLOB
1866,SWANENERGY
1867,SWARAJENG
1868,SWELECTES
1869,SWSOLAR
1872,TAJGVK
1873,TAKE
1874,TALBROAUTO
1875,TANLA
1876,TANTIACONS
1877,TARACHAND
1878,TARC
1879,TARMAT
1880,TASTYBITE
1885,TATACHEM
1886,TATACOFFEE
1887,TATACOMM
1888,TATACONSUM
1889,TATAELXSI
1890,TATAINVEST
1891,TATAMETALI
1892,TATAMOTORS
1893,TATAMTRDVR
1894,TATAPOWER
1895,TATASTEEL
1896,TATASTLLP
1897,TATVA
1898,TBZ
1899,TCFSL
1901,TCFSL
1902,TCFSL
1903,TCI
1905,TCIEXP
1906,TCNSBRANDS
1907,TCPLPACK
1908,TCS
1909,TDPOWERSYS
1910,TEAMLEASE
1913,TECHM
1915,TEJASNET
1917,TERASOFT
1919,TEXMOPIPES
1920,TEXRAIL
1921,TFCILTD
1925,THEINVEST
1927,THEMISMED
1929,THOMASCOOK
1930,THOMASCOTT
1932,TI
1933,TIDEWATER
1934,TIIL
1936,TIJARIA
1937,TIL
1938,TIMESGTY
1940,TIMKEN
1941,TINPLATE
1942,TIPSINDLTD
1943,TIRUMALCHM
1948,TNPETRO
1949,TNPL
1950,TNTELE
1952,TORNTPHARM
1953,TORNTPOWER
1954,TOTAL
1956,TPLPLASTEH
1960,TRF
1961,TRIDENT
1962,TRIGYN
1963,TRIL
1964,TRITURBINE
1965,TRIVENI
1966,TTKHLTCARE
1967,TTKPRESTIG
1968,TTL
1969,TTML
1970,TV18BRDCST
1972,TVSMOTOR
1973,TVSSRICHAK
1974,TVTODAY
1976,TWL
1977,UBL
1978,UCALFUEL
1979,UCL
1981,UFLEX
1982,UFO
1983,UGARSUGAR
1984,UGROCAP
1985,UJAAS
1986,UJJIVAN
1987,UJJIVANSFB
1988,ULTRACEMCO
1989,UMANGDAIRY
1991,UNICHEMLAB
1992,UNIDT
1993,UNIENTER
1994,UNIINFO
1995,UNIONBANK
1997,UNITEDTEA
1998,UNIVASTU
1999,UNIVCABLES
2000,UNIVPHOTO
2001,UPL
2002,URJA
2003,USHAMART
2005,UTIBANKETF
2006,UTINEXT50
2007,UTINIFTETF
2010,UTTAMSTL
2011,UTTAMSUGAR
2012,V2RETAIL
2013,VADILALIND
2015,VAISHALI
2017,VALIANTORG
2018,VARDHACRLC
2019,VARDMNPOLY
2020,VARROC
2021,VASCONEQ
2022,VASWANI
2023,VBL
2024,VCL
2025,VEDL
2026,VENKEYS
2027,VENUSREM
2029,VESUVIUS
2032,VHL
2033,VICEROY
2034,VIDHIING
2035,VIJAYA
2036,VIJIFIN
2037,VIKASECO
2041,VIMTALABS
2042,VINATIORGA
2045,VINYLINDIA
2046,VIPCLOTHNG
2047,VIPIND
2048,VIPULLTD
2049,VISAKAIND
2052,VISHNU
2054,VIVIDHA
2055,VIVIMEDLAB
2056,VLSFINANCE
2057,VMARCIND
2059,VOLTAMP
2060,VOLTAS
2061,VRLLOG
2062,VSSL
2064,VSTTILLERS
2065,VTL
2066,WABAG
2067,WABCOINDIA
2068,WALCHANNAG
2069,WALPAR
2071,WATERBASE
2072,WEALTH
2073,WEBELSOLAR
2074,WEIZMANIND
2075,WELCORP
2076,WELENT
2077,WELINV
2078,WELSPUNIND
2079,WENDT
2080,WESTLIFE
2082,WHEELS
2083,WHIRLPOOL
2085,WINDLAS
2086,WINDMACHIN
2089,WOCKPHARMA
2090,WONDERLA
2092,WSTCSTPAPR
2093,XCHANGING
2094,XELPMOC
2095,XPROINDIA
2096,YAARII
2098,YUKEN
2099,ZEEL
2100,ZEEL
2101,ZEELEARN
2102,ZEEMEDIA
2104,ZENSARTECH
2105,ZENTEC
2106,ZODIAC
2107,ZODIACLOTH
2109,ZOTA
2110,ZUARI
2111,ZUARIGLOB
2112,ZYDUSWELL
